"code","name","type","country","flavor_profile","origin","harvest_season","price_per_kg","price_per_pkg","sold_out","grade","altitude","density","processing_method","variety"
"S10-1","哥斯达黎加 火凤凰庄园 黑玫瑰 厌氧日晒","premium","哥斯达黎加","蓝莓果酱，葡萄，凤梨干，水梨。","火凤凰庄园/中央山谷","2023","135.0","125.0","False","SHB","1600M","905g/l","厌氧日晒处理","Caturra"
"S12-1","哥斯达黎加 卡内特庄园 葡萄干蜜处理 音乐家 巴哈","premium","哥斯达黎加","浓烈酒香、加州黑李、蜜饯、太妃糖甜、瑞士巧克力、尾韵有着兰姆酒般醇厚。","Canet庄园","2025","180.0","170.0","False","SHB","1950M","845g/l","葡萄干蜜处理","Caturra"
"S12-2","哥斯达黎加 卡内特 音乐家系列 莫扎特","premium","哥斯达黎加","新鲜菠萝、综合莓果、番石榴酸、蜜饯、焦糖、核果，风味强劲。","Canet庄园","2025","200.0","190.0","True","SHB","1900M","840g/l","葡萄干蜜处理","Caturra"
"S12-3","哥斯达黎加 卡内特庄园 肖邦 葡萄干蜜处理 F1品种","premium","哥斯达黎加","草莓，紫葡萄， 樱桃， 红莓， 枫糖， 香槟酒。","Canet庄园","2024","200.0","190.0","False","SHB","1700M","853g/l","葡萄干蜜处理","F1"
"S12-4","哥斯达黎加 米拉珠庄园 葡萄干蜜处理（瑰夏拼配）","premium","哥斯达黎加","爆炸茉莉花香，柠檬， 草莓糖， 水蜜桃， 水果酒。","Mirazu庄园","2025","165.0","155.0","False","SHB","1700M","815g/l","葡萄干蜜处理","Geisha 、ET47、 SL28、 Maico"
"S12-5","哥斯达黎加 米拉珠庄园 厌氧日晒 Maico瑰夏","premium","哥斯达黎加","茉莉花香，桃子，百香果，香柠檬，伯爵茶。","Mirazu庄园","2023","200.0","190.0","False","SHB","1700M","885g/l","日晒处理","Maico Geisha"
"S12-6","哥斯达黎加 巨石庄园 F1黑蜜处理","premium","哥斯达黎加","葡萄干的香气、葡萄干的酸值与甜感、风味有菠萝干与陈皮梅、尾韵带有核桃的香气。","Finca Las Piedra","2023","140.0","130.0","False","SHB","1700-1800M","862g/l","黑蜜处理","F1"
"S12-7","哥斯达黎加 小蜜蜂 黑蜜处理","premium","哥斯达黎加","黄花、橘子、枣子、绿茶。","SAN VITO/LA ABEJILLA FARM","2023","145.0","135.0","False","SHB","1600M","905g/l","黑蜜处理","Venecia"
"S12-8","哥斯达黎加 小蜜蜂 卡杜拉 红蜜处理","premium","哥斯达黎加","红葡萄，青苹果，蜂蜜，红肉李子。","SAN VITO / LA ABEJILLA FARM","2024","135.0","125.0","False","SHB","1600M","870g/l","红蜜处理","Catura"
"S12-9","哥斯达黎加 维拉萨奇 黑蜜处理","premium","哥斯达黎加","热带水果，橙子，蜜瓜，花香，甜感持久饱满，BODY厚实。","SAN LUIS DE GRECIA","2024","130.0","120.0","False","SHB","1500M","836g/l","黑蜜处理","VILLASARCHI"
"S14","哥斯达黎加 拉斯拉哈斯庄园 黑蜜处理","premium","哥斯达黎加","葡萄干，果酱，菠萝，热带水果，巧克力，红茶。","中央山谷/拉斯拉哈斯庄园","2024","148.0","138.0","False","SHB","1550M","858g/l","黑蜜处理","Caturra"
"S14-7","哥斯达黎加 拉斯拉哈斯 黑珍珠日晒","premium","哥斯达黎加","黑莓，黑布林，葡萄干，蜜饯，酒香，甜感持久饱满，BODY厚实。","中央山谷/拉斯拉哈斯庄园","2023","147.0","137.0","False","SHB","1600M","795g/l","黑珍珠日晒","Caturra"
"S14-8","哥斯达黎加 拉斯拉哈斯 黑灵魂 日晒","premium","哥斯达黎加","樱桃果酱，黑加仑，热带水果，可可，甜感十足。","中央山谷/拉斯拉哈斯庄园","2024","140.0","130.0","False","SHB","1600M","812g/l","全红果日晒","卡杜拉&卡杜艾"
"S15","秘鲁 禅茶玛悠 瑰夏 日晒","premium","秘鲁","玫瑰，茉莉，果味，橘子，可可，明亮的酸度，干果，无花果，榛子，持久而柔软的BODY。","禅茶玛悠/COOPCHE（ 库普合作社）","2025","226.0","218.0","False","SHB","1800M","846g/l","日晒处理","GEISHA"
"S15-1","秘鲁 禅茶玛悠 瑰夏 厌氧水洗","premium","秘鲁","花香，蓝莓，苹果酸，成熟水果，巧克力，糖浆，奶油，口感柔顺。","禅茶玛悠/COOPCHE（ 库普合作社）","2025","215.0","205.0","False","SHB","1800M","853g/l","厌氧水洗","GEISHA"
"S15-2","秘鲁 禅茶玛悠 瑰夏 黄蜜处理","premium","秘鲁","茉莉，果香，柑橘，柠檬，蜂蜜甜，红糖，麦芽，口感顺滑。","禅茶玛悠/COOPCHE（ 库普合作社）","2025","215.0","205.0","False","SHB","1800M","865g/l","黄蜜处理","GEISHA"
"S16-1","萨尔瓦多 戈巴多庄园 彩虹波旁厌氧日晒","premium","萨尔瓦多","葡萄，苹果，莓果，柠檬，坚果，巧克力，甜感好，风味浓郁，口感圆润顺滑。","Finca El Gobiado/Ahuachapán","2023","155.0","145.0","False","SHB","1300M","887g/l","厌氧日晒处理","Orange, Yellow & Red Bourbon"
"S17","危地马拉 纯正安提瓜 极硬豆","premium","危地马拉","百香果，可可，奶油，红糖，口感细腻柔和，非常醇厚。","Antigua","2023","98.0","88.0","False","SHB","1500‒1700M","848g/l","水洗处理","Bourbon， Caturra"
"S18","危地马拉 阿蒂特兰 蓝宝石 SHB水洗（ 内袋）","premium","危地马拉","果香，青色水果，坚果，奶油巧克力，口感醇厚。","ATITLAN","2023","98.0","88.0","False","SHB","1500‒1700M","848g/l","水洗处理","Bourbon， Caturra"
"S20-1","巴拿马 翡翠庄园 钻石山 日晒","premium","巴拿马","杏桃，莓果，葡萄，酒香巧克力，BODY顺滑，甜感佳。","Boquete/La Esmeralda Diamond Mountain","2023","190.0","180.0","False","SHB","1400-1700M","905g/l","日晒处理","Catuai"
"S20-2","巴拿马 翡翠庄园 红标 瑰夏 日晒","premium","巴拿马","茉莉花，树莓，芒果，蜂蜜，果汁感，质地干净，风味优雅。","翡翠庄园 地 块 ： El Velo/Portón（波顿）","2024","2300.0","","True","SHB","1600-1800M","886g/l","日晒处理","Geisha"
"S20-3","巴拿马 翡翠庄园 红标 瑰夏 水洗","premium","巴拿马","玫瑰花，柠檬草，柑橘，佛手柑，蔗糖。","翡翠庄园 地 块 ： trapiche/坎纳斯","2024","2000.0","","False","SHB","1700M以上","845g/l","水洗处理","Geisha"
"S20-4","巴拿马 翡翠庄园 瑰夏 绿标 日晒","premium","巴拿马","茉莉花，葡萄柚，热带水果，蜂蜜，果汁感。","翡翠庄园/Cañas Verdès","2024","990.0","","False","SHB","1750M","895g/l","日晒处理","Geisha"
"S20-5","巴拿马 翡翠庄园 瑰夏 绿标 水洗","premium","巴拿马","玫瑰花香，甜杏，柑橘，菠萝，蜂蜜与柑橘香气，果汁感。","翡翠庄园/El velo","2023","780.0","","False","SHB","1600M以上","868g/l","水洗处理","Geisha"
"S21","巴拿马 黛博拉庄园 无氧发酵日晒 瑰夏","premium","巴拿马","茉莉花，柳橙汁，葡萄，车厘子，红茶。","黛博拉庄园","2023","1100.0","","False","SHB","2000-2350M","889g/l","无氧发酵日晒处理","Geisha"
"S21-1","巴拿马 艾利达庄园 慢速干燥厌氧发酵日晒 瑰夏","premium","巴拿马","无花果、芒果干、柑橘、蜜糖吐司、酸甜滑顺、尾韵枫糖与温带水果茶。","Boquete/ Elida Estate","2023","1200.0","","False","SHB","1900M","865g/l","厌氧发酵低温慢速日晒","Geisha"
"S21-2","巴拿马 驴子庄园 瑰夏 ASD厌氧慢速日晒","premium","巴拿马","香瓜、波罗蜜、发酵、蓝莓、可可、层次感丰富、酸甜平衡，口感圆润滑顺。","Boquete/ EI Burro Estate","2023","920.0","","False","SHB","1700-1800M","829g/l","厌氧慢速日晒","Geisha"
"S21-5","巴拿马 波奎特 艾尔维拉庄园 瑰夏 蓝标 水洗","premium","巴拿马","茉莉花香，柑橘，橙子，苹果，柠檬茶。","Boquete/Elvira Estate 地块 ： 印帝安地块","2024","500.0","","False","SHB","1550-1850M","854g/l","水洗处理","Geisha"
"S21-6A","巴拿马 玛玛卡特庄园 瑰夏 蓝标 水洗","premium","巴拿马","迷人的花茶、茉莉花香，蜂蜜与柑橘香气，有清新活泼的柠檬酸，入口纯净甘甜，醇厚丝滑，层次分明，让人陶醉。","巴拿马波奎特","2024","380.0","","False","SHB","1675-1700M","836g/l","水洗处理","Geisha"
"S21-6","巴拿马 玛玛卡特庄园 瑰夏 蓝标 日晒","premium","巴拿马","玫瑰花香， 葡萄，橙子，水蜜桃，茉莉绿茶感。","巴拿马波奎特","2023","380.0","","False","SHB","1675-1700M","875g/l","日晒处理","Geisha"
"E-1A","埃塞俄比亚 西达摩 G4 日晒（2025新产季）","common","埃塞俄比亚","花香，柑橘，莓果，热带水果，坚果，甘甜，香醇。","Sidamo","2025","68.0","","False","G4","1500-2000M","867g/l","日晒处理","Heirloom"
"E-1S","埃塞俄比亚 西达摩 G3 日晒","common","埃塞俄比亚","酒香，草莓，茉莉花香，可可，巧克力。","Sidamo","2025","76.0","","False","G3","2000-2200M","840g/l","日晒处理","Heirloom"
"E-2","埃塞俄比亚 古齐 砂糖 G3 日晒","common","埃塞俄比亚","草莓果酱，树莓，甜橙，红茶，可可，口感干净。","SIDAMO/GUJI","2024","72.0","","False","G3","1900-2200M","840g/l","日晒处理","Heirloom"
"E-3","埃塞俄比亚 西达摩 格拉纳庄园 G3 日晒","common","埃塞俄比亚","草莓，苹果，柠檬等浓烈的水果香气，成熟果实的甜感，清爽复杂的口感。","GELANA","2024","73.0","","False","G3","1600M","825g/l","日晒处理","GEISHA"
"E-5","埃塞俄比亚 班可 果丁丁 G1 水洗（2023产季）","common","埃塞俄比亚","花香，柠檬，柑橘，草莓，甜感好。","Banko Gotiti","2023","78.0","","False","G1","2050-2280M","865g/l","水洗处理","Heirloom"
"E-6S","埃塞俄比亚 西达摩G2 精选 水洗（内袋）","common","埃塞俄比亚","柑橘，花香，莓果，西柚,口感干净。","SIDAMO","2024","73.0","","False","G2","1700-2000M","865g/l","水洗处理","Heirloom"
"E-7","埃塞俄比亚 YIRGACHEFFE G2 水洗","common","埃塞俄比亚","花香，柠檬，柑橘，酸度柔和，甜感好，口感干净。","YIRGACHEFFE","2025","72.0","","False","G2","1950-2000M","847g/l","水洗处理","Heirloom"
"E-8","埃塞俄比亚 耶加雪菲 G2 水洗（2025新产季）","common","埃塞俄比亚","花香，甜橙，莓果，坚果。","YIRGACHEFFE","2025","76.0","","False","G2","1800-2000M","860g/l","水洗处理","Heirloom"
"E-9","埃塞俄比亚 耶加雪菲 G2 精选 水洗 Beloya（2025新产季）","common","埃塞俄比亚","花香，柠檬，柑橘，口感滑顺,干净。","YIRGACHEFFE BELOYA","2025","80.0","","False","G2","1800-2000M","863g/l","水洗处理","Heirloom"
"E-10","埃塞俄比亚 利姆 杰拉庄园 G2水洗 精品","common","埃塞俄比亚","花香，柑橘，苹果，李子，樱桃，酸质明亮，焦糖，口感非常干净。","Limu/Oromia","2025","77.0","","False","G2","1876-2188M","854g/l","水洗处理","74110&74112"
"E-11","埃塞俄比亚 利姆 水洗 UG","common","埃塞俄比亚","柠檬，柑橘，枫糖，奶油，风味干净。","LIMU","2025","61.0","","False","UG","1850-2000M","836g/l","水洗处理","Heirloom"
"S21-7","巴拿马 玛玛卡特庄园 瑰夏 蓝标 厌氧日晒","premium","巴拿马","紫葡萄， 红糖，凤梨， 桃子，橘子糖。","巴拿马波奎特","2023","350.0","","False","SHB","1675-1700M","862g/l","厌氧日晒","Geisha"
"S22","巴拿马 科特瓦女巫庄园 瑰夏 日晒","premium","巴拿马","葡萄干，紅酒，胡椒，蜜饯，加州李子。","巴拿马波奎特","2024","568.0","","False","SHB","1700M","850g/l","日晒处理","Geisha"
"S22-1","巴拿马 科特瓦女巫庄园 帝比卡 厌氧日晒","premium","巴拿马","红酒，葡萄干，加州李子，香料，蜜饯。","巴拿马波奎特","2024","145.0","145.0","False","SHB","1700M","870g/l","厌氧日晒","Typica"
"S22-4","巴拿马 卡萨路易斯庄园 瑰夏 日晒","premium","巴拿马","茉莉花，水蜜桃，佛手柑，凤梨，莓果。","Boquete 庄 园： Finca Casa Ruiz","2023","560.0","","False","SHB","1700M","843g/l","日晒处理","Geisha"
"S22-5","巴拿马 90+ Volcan Valley 瑰夏","premium","巴拿马","樱桃，西梅，覆盆子，米酒。","Ninety Plus","2023","395.0","","False","SHB","1500-1700M","875g/l","90+处理法","Geisha"
"S22-7","巴拿马 维纳斯 小农 瑰夏 蓝标 水洗","premium","巴拿马","茉莉花、柑橘、葡萄柚、牛奶糖、蜂蜜、香水柠檬， 入口纯净甘甜，醇厚丝滑，层次分明，让人陶醉。","波奎特","2024","380.0","360.0","False","SHB","1700-1800M","865g/l","水洗处理","Geisha"
"S22-8A","巴拿马 波奎特 花蝴蝶70%瑰夏 水洗","premium","巴拿马","花香、佛手柑、蜂蜜、柑橘、莓果、茶香、樱桃，果汁甜，酸细致不刺激， 干净度佳，余韵细腻，香气持久，经典翡翠庄园Geisha风味。","Boquete","2024","170.0","160.0","False","SHB","1400-1700M","865g/l","水洗处理","70%Geisha, Catuai,caturra"
"S22-8","巴拿马 波奎特 花蝴蝶70%瑰夏 厌氧日晒","premium","巴拿马","花香，柑橘，苹果，李子与热带水果风味， 香瓜甜感，尾韵带出淡淡红茶香气。","Boquete","2024","245.0","235.0","False","SHB","1600-1700M","860g/l","厌氧日晒处理","70%Geisha, Catuai,caturra"
"S23-1","巴拿马ABU 阿布庄园 卡杜拉 日晒","premium","巴拿马","红酒、奇异果、凤梨、蜂蜜。","阿布庄园","2024","155.0","145.0","False","SHB","1550M","852g/l","日晒处理","卡杜拉"
"S23-3","巴拿马 雷利达庄园 帝比卡 水洗","premium","巴拿马","柑橘，莓果，水果香气，酸质细腻干净，焦糖甜，圆润爽口。","Boquete/Lerida Estate","2024","120.0","110.0","False","SHB","1850M","873g/l","水洗处理","Typica"
"S24","卢旺达 基加利 水洗","premium","卢旺达","凤梨，葡萄柚，柑橘，茶感尾韵。","Kigal","2024","105.0","95.0","False","A","1650-1900M","885g/l","水洗处理","Bourbon，Typica"
"S24-1","卢旺达 基加利 日晒 精选","premium","卢旺达","香蕉，芒果，葡萄果酒，奶油，果汁感。","Kigal","2024","112.0","102.0","True","A","1700-2000M","886g/l","日晒处理","Bourbon，Typica"
"S45","坦桑尼亚 阿鲁沙庄园 小红莓 AB 精品","premium","坦桑尼亚","莓果、红色水果、红茶、轻红酒感、柔酸。","Arusha/梅鲁火山","2023","90.0","81.0","True","AB","1800M","790g/l","水洗处理","Bourbon"
"S25","墨西哥 法帝玛庄园 日晒","premium","墨西哥","百香果，凤梨，枫糖，葡萄干，蜂蜜。","Veracruz/Coatepec","2023","195.0","185.0","True","SHG","1500-1650M","883g/l","日晒处理","Marsellesa"
"S69","荔枝兰.洪都拉斯 莫卡庄园 白兰地酒桶发酵水洗","premium","洪都拉斯","荔枝、白兰地、蜜瓜、蜂蜜。","Masaguara 马萨瓜拉","2024","190.0","180.0","False","SHG","1500-1700M","794g/l","白兰地酒桶发酵水洗","Typica 铁皮卡"
"S69-1","洪都拉斯 雪莉.洪都拉斯 莫卡庄园 威士忌酒桶发酵处理","premium","洪都拉斯","香草、威士忌、蜂蜜，奶油。","Masaguara 马萨瓜拉","2024","185.0","175.0","False","SHG","1500-1700M","835g/l","威士忌酒桶发酵","卡杜拉 卡杜艾"
"S26","牙买加 蓝山NO.1 圣科纳 黑桶庄园","premium","牙买加","热带莓果，奶油，黑巧克力，可可，甜感足易入口， 入口丝滑度高，口感细腻，回味甜甘明显。","CINCHONA ESTATE","2025","930.0","880.0","False","G1","1676M","885g/l","水洗处理","BLUE MOUNTAIN"
"S26-2","牙买加 川贝特庄园 蓝山NO.1 水洗","premium","牙买加","干香：烤山核桃、柑橘、焦糖、奶油、大红袍茶。 湿香：甘草、蔗糖、香料、焦糖、奶油、黑巧克力、大红袍茶。 口感：柔顺柑橘酸，酸甘苦醇均衡，余韵绵长，回甘清纯。","川贝特庄园","2022","450.0","","False","NO.1","1500M","882g/l","水洗处理","BLUE MOUNTAIN"
"S26-4","牙买加 蓝山 柯娜斯黛尔庄园 NO.1 水洗","premium","牙买加","花生酱、巧克力、焦糖、龙井绿茶、核果，均衡感好， 层次丰富，有粘稠感，挂杯持久。","CLYDESDALE","2023","520.0","","True","NO.1","1200 - 1400M","882g/l","水洗处理","BLUE MOUNTAIN"
"S26-5","牙买加 斯东尼庄园 蓝山一号 圆豆","premium","牙买加","香蕉、树莓、红色浆果的水果香气、甘蔗、覆盆子甜味明显、 柠檬酸、苹果酸、口感跳跃有层次、复杂度高、 回味甜。","STONELEIGH","2024","630.0","600.0","True","Peaberry","1642M","843g/l","水洗处理","BLUE MOUNTAIN"
"S26-6","牙买加 斯东尼庄园 蓝山一号 水洗","premium","牙买加","茶树花香、黑莓、甘蔗的水果香气、奶油、核桃、碧根果、黑巧克力味明显、 微苹果酸、入口柔顺度高口感圆润、平衡稳定、回味甘甜。","STONELEIGH","2024","630.0","600.0","True","G1","1642M","835g/l","水洗处理","BLUE MOUNTAIN"
"S27S","哥伦比亚 牧羊人庄园 粉波旁 椰子糖","premium","哥伦比亚","椰子干，椰子奶糖，太妃糖，巧克力，柑橘， 李子，成熟水果，口感柔顺，余韵轻香料。","Finca Pastora","2023","208.0","198.0","False","Supremo","1700-1750M","835g/l","水果酵素厌氧水洗","粉红波旁"
"S27-1","哥伦比亚 白山庄园 蜜瓜冰淇淋","premium","哥伦比亚","哈密瓜，莓果干，柠檬，草莓，瑞士糖甜感，乌龙茶。","Monteblanco/HUILA","2024","278.0","268.0","True","Supremo","1700-1850M","836g/l","西瓜酵母发酵水洗","卡杜拉波旁"
"S27-1S","哥伦比亚 棕榈树庄园 西瓜","premium","哥伦比亚","黑美人西瓜，哈密瓜，柠檬茶，西瓜糖，甜度高，果茶茶感。","托利马","2024","219.0","205.0","False","supremo","1600M","855g/l","西瓜浸渍厌氧水洗","粉波旁"
"S27-2","哥伦比亚 娜玲珑 17/18目","premium","哥伦比亚","莓果，柑橘，香气十足，甜度高，与明亮的果酸呼应,巧克力余韵。","Narino","2024","92.0","83.0","False","Supremo","1800 - 2150M","845g/l","水洗处理","Caturra"
"S27-3","哥伦比亚 甘蔗处理 EA低因咖啡","premium","哥伦比亚","黑巧克力，焦糖，平衡，口感顺滑，香醇甘甜。","HUILA","2025","108.0","95.0","True","Supremo","1300-1800M","902g/l","EA处理法","Castillo, Caturra, Typica"
"S27-6","哥伦比亚 穆雅庄园 红酒桶酒香发酵水洗","premium","哥伦比亚","红葡萄酒，葡萄，樱桃，核果。","穆雅庄园","2024","158.0","148.0","False","Supremo","1500-1600M","843g/l","红酒桶酒香发酵水洗","Caturra/Bourbon/Castillo"
"S27-7","哥伦比亚 蒙特利尔庄园 瑰夏（2023冬季COE冠军）","premium","哥伦比亚","突出花香、柑橘、杏桃、红色樱桃、红茶、多汁浆果、传统的花香调性、 橙皮、尾韵悠长、柔顺醇厚、甜度佳、均衡自然。","托利马 庄 园 ： Finca Montreal","2024","495.0","","False","Supremo","2050M","861g/l","双重发酵水洗","瑰夏"
"S27-8","哥伦比亚 溪流庄园 瑰夏","premium","哥伦比亚","茉莉花、柑橘、西柚、柠檬草、红茶、杯测干净、多汁水果风味。","慧兰 庄 园 ： Finca Revira","2024","198.0","","False","Supremo","1750M+","849g/l","双重发酵水洗","瑰夏"
"S27-9","哥伦比亚 双重厌氧水洗 瑰夏 栀子之花","premium","哥伦比亚","栀子花，柑橘，绿茶，葡萄柚，复杂水果，花香突出。","慧兰 合作社 ： Palestine","2024","230.0","","False","Supremo","1850M+","850g/l","双重发酵水洗","瑰夏"
"S27-10","哥伦比亚 泉水庄园 瑰夏 水洗","premium","哥伦比亚","茉莉花，蜜橘，枫糖，葡萄柚，饱满精致。","慧兰 HUILA","2023","290.0","","False","supremo","1750M+","834g/l","精致水洗处理","GEISHA"
"S27-11","哥伦比亚 独木舟庄园 瑰夏 蜜处理","premium","哥伦比亚","花香，芒果，红莓，蜂蜜茶，饱满多汁。","HUILA 庄 园 ： 独木舟庄园 LA PIRAGUA","2023","360.0","","False","Supremo","1800+M","833g/l","蜜处理","Gesha瑰夏"
"S27-12","哥伦比亚 白山庄园 瑰夏 厌氧水洗","premium","哥伦比亚","茉莉花 ，柠檬 ，红苹果 ，桃子 ，蜂蜜， 奶油，典型瑰夏风味。","Monteblanco/HUILA","2024","250.0","","False","Supremo","1700-1850M","846g/l","厌氧水洗处理","GEISHA"
"S28","哥伦比亚 希望庄园 瑰夏 厌氧水洗","premium","哥伦比亚","茉莉花，柑橘，莓果，蔗糖，柠檬草香气 ，整体风味细致优雅。","托利马 庄 园 ： La Esperanza庄园","2024","360.0","","False","Supremo","1800M","819g/l","厌氧水洗处理","100%Geisha"
"S28-1","哥伦比亚 阿尔代庄园 瑰夏 水洗","premium","哥伦比亚","紫色花香浓郁， 柠檬草， 椰子片， 绿茶尾韵。","慧兰Huila 庄园： Finca La Aldea","2023","350.0","","False","Supremo","1860M+","885g/l","水洗处理","瑰夏Geisha"
"S28-2","哥伦比亚 红宝石庄园 瑰夏 日晒","premium","哥伦比亚","突出的茉莉花香、甜橙、柑橘、杏桃、红色成熟水果、薄荷味。","慧兰Huila 庄 园 ： Finca El Rubi","2023","280.0","","False","Supremo","1700-1800M","880g/l","日晒处理","瑰夏Geisha"
"S28-3","哥伦比亚 贝塔尼亚庄园 厌氧日晒 瑰夏","premium","哥伦比亚","葡萄干，可可，红苹果，红糖果味，带有朗姆酒、红苹果、香蕉和柔滑口感的果味饮料。","慧兰Huila","2025","250.0","","False","Supremo","1800M","837g/l","90小时厌氧发酵日晒处理","瑰夏Geisha"
"S28-4","哥伦比亚 分界线庄园 瑰夏 水洗","premium","哥伦比亚","花香，红茶，柑橘，柠檬草，body厚实。","慧兰Huila 庄园： Finca El Diviso","2023","280.0","","False","Supremo","1800M","830g/l","水洗处理","瑰夏Geisha"
"S28-5","哥伦比亚 分界线庄园 瑰夏 日晒","premium","哥伦比亚","玫瑰花、柑橘、桃子、冰葡萄、覆盆子、复合热带水果、利口酒、发酵感好、高甜度、干净度高。","慧兰Huila 庄 园 ： Finca El Diviso","2025","298.0","","False","Supremo","1800M","871g/l","日晒处理","瑰夏Geisha"
"S28-6","哥伦比亚 分界线庄园 双重厌氧水洗 希爪","premium","哥伦比亚","花香，姜，黄色水果，橙子，薄荷，柠檬酸，酸质明亮，顺滑body。","慧兰Huila 庄园： Finca El Diviso","2023","240.0","240.0","False","Supremo","1700M","846g/l","双重厌氧水洗处理","Sidra希爪"
"S28-7","哥伦比亚 分界线庄园 双重发酵日晒 希爪","premium","哥伦比亚","花香，热带水果，荔枝，百香果，木瓜，顺滑body，回甘甜。","慧兰Huila 庄园： Finca El Diviso","2024","268.0","268.0","False","Supremo","1700M","852g/l","双重发酵日晒处理","Sidra希爪"
"S28-8","哥伦比亚 分界线庄园 辣椒波旁 厌氧日晒","premium","哥伦比亚","西瓜、覆盆子、葡萄、杏桃、香水梨、红酒、玫瑰、醇厚、甜度佳。","慧兰Huila 庄 园 ： Finca El Diviso","2024","298.0","298.0","False","Supremo","1750-1850M","836g/l","厌氧日晒","Aji Bourbon"
"S28-9","哥伦比亚 分界线庄园 大肚脐 双重发酵日晒","premium","哥伦比亚","红樱桃、葡萄、黄桃、血橙、玫瑰花香、葡萄酒、利口酒、发酵自然清新，果汁感丰富。","慧兰Huila 庄 园 ： Finca El Diviso","2024","330.0","330.0","False","Supremo","1700M","816g/l","双重发酵日晒","Ombligon"
"S29-1","哥伦比亚 天堂庄园 Delagua 厌氧日晒","premium","哥伦比亚","养乐多、红糖、葡萄、菠萝干、蔗糖、青茶。","Sierra Nevada","2023","120.0","120.0","False","Supremo","2000M","883g/l","厌氧日晒","Castillo"
"S30","哥伦比亚 天堂庄园 粉红波旁 冷冲击水洗","premium","哥伦比亚","柑橘，橘子糖果，乌梅，油柑红茶，入口上扬新鲜蔓越莓果酸，随着橘子花香，西柚果汁感充满整个口腔，中段油柑红茶，尾段甜橙，果汁感非常强，回甜十分好，层次丰富，口感酸甜舒服。","El Paraiso庄园","2023","255.0","","False","SUPREMO","2050M","829g/l","双重厌氧水洗","Pink Bourbon"
"S30-4","哥伦比亚 圣荷西庄园 兰姆酒桶发酵 水洗","premium","哥伦比亚","兰姆酒，麝香葡萄，樱桃，核果，酒香巧克力，莱姆香气, 酸值明亮带花香, 口感绵密转甜。","Caldas/Finca San Jose Estate","2024","360.0","","False","Supremo","1750M","842g/l","水洗法（兰姆酒桶发酵）","Castillo"
"S30-9","哥伦比亚 金迪欧 苏利亚庄园 柑橘日晒","premium","哥伦比亚","柳橙，菠萝，奇异果，红糖。","苏利亚庄园/Quindio金迪欧","2023","190.0","190.0","False","Supremo","1700-1850M","890g/l","橘子日晒","卡斯提优"
"S31-4","哥伦比亚 蒙特布兰克庄园 紫卡杜拉 薄荷水洗","premium","哥伦比亚","薄荷巧克力、香蕉清冰、肉桂、冰糖。","Monteblanco/HUILA","2023","195.0","195.0","False","supremo","1700-1850M","829g/l","薄荷水洗处理","紫卡杜拉"
"S31-5","哥伦比亚 蒙特布兰克庄园 紫卡杜拉 荔枝气泡","premium","哥伦比亚","水蜜桃，百香果，黄柠檬，明亮柠酸，果茶茶感。","Monteblanco/HUILA","2024","195.0","195.0","False","supremo","1900M","853g/l","百香果酵母厌氧水洗","紫卡杜拉"
"S32-4","花月夜. 哥伦比亚 慧兰 艾斯维多加汀庄园 厌氧日晒","premium","哥伦比亚","菠萝、芒果、 荔枝、 哈密瓜","HUILA","2024","195.0","195.0","False","Supremo","1800m","863g/l","厌氧日晒处理","Caturra/卡杜拉"
"S32-5","玫瑰谷. 哥伦比亚 大树庄园 双重厌氧水洗","premium","哥伦比亚","草莓酱、水蜜桃、香蕉、蜜瓜。","Santander","2024","195.0","195.0","False","Supremo","1700m","865g/l","双重厌氧水洗","Caturra/卡杜拉"
"S32-6","哥伦比亚 考卡 天堂92庄园 苏丹如梅","premium","哥伦比亚","茴香，茉莉花，西瓜，苹果，丁香，巧克力，余韵带有柑橘及轻微的香料味道，多汁感，高醇厚度。","考卡 庄 园 ： Finca El Paraíso-92","2025","480.0","480.0","False","Supremo","1950M","833g/l","96小时发酵，水洗法","苏丹如梅（Sudan Rume）"
"S32-7","哥伦比亚 彼岸庄园 水洗 粉红波旁","premium","哥伦比亚","茉莉花、柑橘、葡萄柚、水蜜桃、佛手柑、柑橘调水果饮料。","HUILA 庄 园 ： Cuspair","2024","145.0","145.0","False","Supremo","1600+M","895g/l","水洗处理","粉红波旁"
"S32-8","哥伦比亚 贝塔尼亚庄园 水洗 粉红波旁","premium","哥伦比亚","花香，茉莉花，芒果，红糖和柑橘香。","HUILA 庄 园 ： FINCA BETANIA","2025","160.0","160.0","False","Supremo","1800+M","853g/l","水洗处理","粉红波旁"
"S32-9","哥伦比亚 独木舟庄园 日晒 条纹波旁","premium","哥伦比亚","红酒，黑色莓果，柠檬，枫糖甜，层次丰富，BODY厚实。","HUILA 庄 园 ： 独木舟庄园 LA PIRAGUA","2024","192.0","192.0","False","Supremo","1800+M","904g/l","日晒处理","条纹波旁"
"S32-1","哥伦比亚 长白山庄园 Wushwush","premium","哥伦比亚","百花蜜、蜜饯、白桃、柠檬干、高甜度。","Tolima/ Jairo Amaya","2022","169.0","","False","supremo","1500-1900M","923g/l","低温慢速厌氧蜜处理","Wushwush+Typica"
"S33","哥伦比亚 鲜花庄园 厌氧水洗 粉红波旁","premium","哥伦比亚","花香，血橙，莓果多汁，中等body。","HUILA 庄 园 ： 鲜花庄园/Las Flores","2024","210.0","210.0","False","Supremo","1900+M","904g/l","厌氧水洗","粉红波旁"
"S33-1","哥伦比亚 慧兰 巴塔尼亚庄园 奇罗索 水洗","premium","哥伦比亚","花香，橙子，茴香香草，带有焦糖、巧克力和橘子的香气，花香和李子的余韵，口感干净丝滑。","慧兰 庄 园 ： Finca Betania","2025","210.0","210.0","False","Supremo","1800M","882g/l","双重发酵水洗","奇洛索/Chiroso"
"S33-2","哥伦比亚 心动庄园 辣椒波旁 水洗","premium","哥伦比亚","茉莉花香，葡萄柚，蓝莓，甜橙，轻香料，干净，酸质柔和。","慧兰 庄 园 ： FINCA PLOP","2025","205.0","205.0","False","Supremo","1800M","868g/l","半水洗发酵","辣椒波旁/Bourbon Ají"
"S33-5","肯尼亚 涅里 鲁木齐亚合作社AA 微批次","premium","肯尼亚","乌梅，圣女果，柑橘，黑醋粟，风味干净。","涅里/Rumukia Farmer Co-Operative Society","2025","120.0","120.0","False","AA","1850M","884g/l","72小时水洗","SL28，SL34"
"S33-6","肯尼亚 麒麟雅加 穆加亚处理厂AA 微批次","premium","肯尼亚","茉莉花香，莓果果汁，黑莓，草莓，柑橘，奶油，酸质柔和愉悦。","Mugaya处理厂/Mutira合作社","2025","138.0","128.0","False","AA","1750M","895g/l","水洗处理","SL28，SL34"
"S33-7","肯尼亚 基里尼亚加 康于处理厂AA 微批次","premium","肯尼亚","乌梅，橘子，甜草莓，红糖，茉莉花香，果汁感的酸度，风味清新。","Kabare合作社/Konyu处理厂","2025","145.0","135.0","False","AA","1700-1900M","858g/l","双重水洗法","SL28，SL34"
"S34","肯尼亚 基里尼亚加 多门处理厂 AA","premium","肯尼亚","白色花香，莓果，酸质明亮，口感干净。","Kirinyaga/Dormans处理厂","2024","108.0","98.0","False","AA","1700-2200M","875g/l","水洗处理","SL28，SL34"
"S34-1","肯尼亚 撒西尼庄园 PB TOP 圆豆","premium","肯尼亚","莓果，覆盆子，柑橘，小番茄。","Kiambu/Sasini","2023","83.0","73.0","False","PEABERRY","1680M","870g/l","水洗处理","SL28,SL34"
"S39-1","肯尼亚 基安布 卡林加处理厂AA","premium","肯尼亚","黑醋栗，蔷薇，葡萄柚，蜂蜜，黄油，甜感好。","Kiambu / Karinga处理厂","2024","100.0","90.0","False","AA","1840M","866g/l","水洗处理","SL28,SL34"
"G1-2","空运金标批次 埃塞俄比亚 瑰夏村","premium","埃塞俄比亚","凤梨，哈密瓜，葡萄，菠萝蜜，高甜度，白色花香。","Surma","2024","690.0","670.0","False","G1","1909--2063M","838g/l","日晒处理","Gesha1931"
"G1-3","空运金标批次 埃塞俄比亚 瑰夏村","premium","埃塞俄比亚","红色花香，苹果，百香果，草莓，高甜度。","OMA","2024","690.0","670.0","False","G1","1931--2049M","843g/l","日晒处理","Gesha1931"
"G2","空运红标批次041 埃塞俄比亚 瑰夏村","premium","埃塞俄比亚","水蜜桃，甜杏，柑橘，回味持久。","Gaylee 地块","2024","365.0","345.0","False","G1","1916--1982M","912g/l","日晒处理","Illubabor Forest"
"G2-3","埃塞俄比亚 瑰夏村 Gori 瑰夏种","premium","埃塞俄比亚","黑布林，桃子，红苹果，梨，柑橘，红糖，甜度佳。","Shaya地块","2023","338.0","320.0","False","G1","1926--2011M","852g/l","日晒处理","Gori 瑰夏种"
"G2-4","埃塞俄比亚 瑰夏村 Illubabor Forest","premium","埃塞俄比亚","花香，果酱，橘子，热带水果风味，甜瓜，高甜，丰富多变的滋味。","Dimma地块","2023","338.0","320.0","False","G1","1966--2019M","867g/l","日晒处理","Illubabor Gesha"
"G2-6","埃塞俄比亚 瑰夏村 Gori Gesha","premium","埃塞俄比亚","荔枝，莓果，蜜糖甜，口感干净顺滑。","Bangi地块","2024","355.0","345.0","False","G1","1911—2001M","862g/l","水洗处理","Gori Gesha"
"G2-7","埃塞俄比亚 瑰夏村 Gori Gesha","premium","埃塞俄比亚","草莓，葡萄，芒果，果糖甜。","Bangi地块","2024","355.0","345.0","False","G1","1911—2001M","870g/l","蜜处理","Gori Gesha"
"G3","埃塞俄比亚 瑰夏村 Gori Gesha","premium","埃塞俄比亚","柑橘，杏桃，水蜜桃，高甜度，风味干净，顺滑。","shewa-jibabu地块","2024","235.0","220.0","False","G1","1973--2069M","860g/l","日晒处理","Gori Gesha"
"G3-1","埃塞俄比亚 瑰夏村 瑰夏种 日晒处理（查卡）","premium","埃塞俄比亚","茉莉花香，荔枝，苹果，果汁感，砂糖甜感足。","","2024","178.0","168.0","False","G1","1911—2069M","850g/l","日晒处理","瑰夏种"
"G4S","埃塞俄比亚 西达摩 卡拉茉 2024TOH日晒冠军批次","premium","埃塞俄比亚","红心芭乐，芒果，黄桃，葡萄干。","Sidama Bura Keramo 处理站 ： Faysel Abdosh","2024","470.0","","False","G1（竞赛级精品）","2000 - 2300M","905g/l","日晒处理","74110/74158"
"G4","埃塞俄比亚 科切尔2024 TOH4 日晒","premium","埃塞俄比亚","水蜜桃，果酒，荔枝，杏桃，红糖甜感，柠檬红茶。","Kochere/ Kore Beloya","2024","135.0","125.0","False","G1","1719M","897g/l","日晒处理","Heirloom"
"G4-1","埃塞俄比亚 2024 TOH3 水洗","premium","埃塞俄比亚","柠檬，柑橘，莓果，樱桃，黄糖，绿茶茶感。","Arach/Molhicha/Mugida","2024","115.0","105.0","False","G1","1943M","880g/l","水洗处理","kurume"
"G4-2","埃塞俄比亚 2024 TOH6 瑰夏 水洗","premium","埃塞俄比亚","花香，柑橘，桃子，蜂蜜，绿茶，高甜感，口感干净顺滑。","Bench Maji/ Kebir","2024","153.0","143.0","False","G1（竞赛级精品）","1650M","861g/l","水洗处理","GEISHA"
"G4-3","埃塞俄比亚 西达摩 班莎 Alo","premium","埃塞俄比亚","木槿花，水果酒，草莓，树莓，酸质活泼，风味丰富。","西达摩 班莎 处理站 ： Alo main station","2024","290.0","","False","G1","2300M+","885g/l","果皮浸渍厌氧（Mosto）","74158"
"G4-4","埃塞俄比亚 西达摩 班莎 Alo","premium","埃塞俄比亚","花香，橙子， 桃子， 荔枝，风味丰富，干净。","西达摩 班莎 处理站 ： Alo main station","2025","350.0","","False","G1","2580M","890g/l","冷室发酵 厌氧水洗","74158"
"G4-5","2024空运批次 埃塞俄比亚 古齐 Kebir梨桃花","premium","埃塞俄比亚","花香，水蜜桃，柠檬，红茶，甜感好。","GUJI/Uraga Tebe Haro","2024","162.0","152.0","False","G1","1920 - 2250M","897g/l","日晒处理","74112"
"G4-6","埃塞俄比亚 那塞博 赫罗 Alo 日晒微批次","premium","埃塞俄比亚","百香果，柑橘，香橙，花香，可可。","Sidama Nensebo 处理站 ： Alo main station","2024","120.0","110.0","False","G1","2300M+","890g/l","传统日晒后干燥12-14天","74158"
"X1-3","埃塞俄比亚 歌迪贝 果丁丁 日晒 G1","premium","埃塞俄比亚","茉莉花,水蜜桃,柑橘，果汁，绿茶。","Gotiti, Gedeb","2024","122.0","112.0","False","G1","1900-2100M","880g/l","日晒处理","Heirloom"
"X1-4","埃塞俄比亚 耶加雪菲 阿达朵 日晒","premium","埃塞俄比亚","花香，热带水果，葡萄，石榴汁，柠檬，西柚，咖啡花，口感柔和顺滑。","Adado处理厂","2024","110.0","100.0","False","G1","2000-2400M","860g/l","日晒处理","Heirloom"
"X1-6","埃塞俄比亚 耶加雪菲 沃特 孔加 日晒","premium","埃塞俄比亚","茉莉花香，热带水果，波萝蜜，蓝莓，草莓果酱，口感很干净。","Konga 附近的小咖啡种植户","2023","100.0","90.0","False","G1","1850-2050M","890g/l","日晒处理","Heirloom"
"X2-1","埃塞俄比亚 耶加雪菲 阿朵斯 阿瑞查G1 日晒","premium","埃塞俄比亚","紫色葡萄，成熟凤梨，蓝莓，草莓，花香，余韵持久。","阿瑞查/ Testi Adorsi Washing Station","2024","115.0","105.0","True","G1","2150-2250M","873g/l","日晒处理","74110"
"X2-3","埃塞俄比亚 耶加雪菲 红樱桃 日晒 G1","premium","埃塞俄比亚","凤梨，柑橘，葡萄，焦糖，果汁感。","Yirgacheffe","2023","115.0","105.0","False","G1","2200-2300M","886g/l","日晒处理","Heirloom"
"X2-4","埃塞俄比亚 圣塔维尼 红樱桃计划 G1 日晒","premium","埃塞俄比亚","凤梨，蓝莓，甜橙，枫糖。","DWD 圣塔维尼处理站","2023","140.0","130.0","False","G1","2050M","884g/l","全红果日晒","74158"
"X3","埃塞俄比亚 耶加雪菲 阿瑞查 阿朵斯处理厂","premium","埃塞俄比亚","番石榴，波萝蜜，杨桃，紫葡萄，黑醋粟，肉桂，白兰地.","阿瑞查/Adorsi处理厂","2022","215.0","230.0","False","G1","1950-2100M","858g/l","厌氧日晒(22天日晒)","Heirloom"
"X4-1","埃塞俄比亚 科切尔 牧羊人G1 厌氧日晒","premium","埃塞俄比亚","葡萄，成熟菠萝，百香果酱，柑橘，白花。","Kochere","2023","160.0","150.0","False","G1","1800-2200M","873g/l","厌氧日晒处理","Heirloom"
"X4-2","埃塞俄比亚 古齐 罕贝拉 G1 厌氧日晒","premium","埃塞俄比亚","红酒，桂圆，柑橘，热带水果。","GUJI/Hambela","2024","135.0","125.0","False","G1","2050M","823g/l","厌氧日晒处理","Kumie"
"X5-3","埃塞俄比亚 耶加雪菲 莎克 红樱桃 红蜜处理（MPC）","premium","埃塞俄比亚","柑橘，茉莉花香，水蜜桃，草莓，红色浆果。","Sheka/MPC处理厂","2024","145.0","135.0","False","G1","2100-2200M","890g/l","红蜜处理","Heirloom"
"X5-4","埃塞俄比亚 西达摩 朵望丘 红蜜 2025TOH第3名","premium","埃塞俄比亚","金桔汁，柠檬，优雅花香,黄糖，柚子茶。","西达摩-Arbegona Aklilu阿奇努批次","2025","305.0","293.0","False","G1","2240-2390M","886g/l","红蜜处理","74158"
"X6-1","埃塞俄比亚 西达摩G1 贝尔庄园 红酒日晒","premium","埃塞俄比亚","葡萄，莓果，红花香气，热带水果，甜感佳。","SIDAMO Bale Mountain","2024","130.0","120.0","False","G1","2350M","853g/l","红酒日晒处理","74110"
"X6-2","埃塞俄比亚 瑰夏山 红酒日晒","premium","埃塞俄比亚","番石榴、柑橘、红色莓果、枫糖、高甜、香气浓郁，口感干净。","Bench Maji 庄 园 ： Karmach 庄园","2024","150.0","140.0","False","G1","1900-2000M","820g/l","铁桶低温日晒处理","Geisha"
"X7","埃塞俄比亚 班莎 圣塔维尼 G1 全红果 日晒","premium","埃塞俄比亚","葡萄， 荔枝， 凤梨， 热带水果，红茶，甜度很好。","Bensa/ Shantawene /Ayla处理站","2024","115.0","105.0","True","G1","2050M","883g/l","全红果日晒","74158"
"X7-2","埃塞俄比亚 西达摩 古齐 夏奇索 G1 日晒","premium","埃塞俄比亚","草莓的酸甜风味，柑橘，热带水果，红酒，口感干净。","Guji/shakiso/Testi","2024","105.0","95.0","False","G1","1900-2200M","890g/l","日晒处理","Heirloom"
"X8","埃塞俄比亚 古齐 罕贝拉G1 花魁日晒","premium","埃塞俄比亚","玫瑰花香，水蜜桃，蓝莓，草莓糖，荔枝，口感丰富饱满，余韵悠长。","HAMBELA/BUKU Abel处理厂","2025","130.0","120.0","False","G1 Premium","2200 - 2350M","889g/l","日晒处理","Heirloom"
"X9","埃塞俄比亚 西达摩G1 花魁日晒（2024新产季）","premium","埃塞俄比亚","玫瑰花香，水蜜桃果味，草莓糖，荔枝，余韵悠长。","GUJI/ HAMBELA","2024","120.0","110.0","False","G1","2200 - 2350M","885g/l","日晒处理","Heirloom"
"X9-1","埃塞俄比亚 西达摩G1 花魁日晒","premium","埃塞俄比亚","玫瑰花香，热带水果，香气浓郁，高甜，百香果，水蜜桃，蓝莓，余韵悠长。","GUJI/ HAMBELA","2023","105.0","95.0","False","G1","2200 - 2350M","898g/l","日晒处理","Heirloom"
"X9-3","埃塞俄比亚 西达摩 古齐 G1日晒 蓝色赫拉","premium","埃塞俄比亚","热带水果调性，红酒，柠檬，柑橘香，花香。","Guji uraga","2024","105.0","95.0","False","G1","1950-2250M","880g/l","日晒处理","Heirloom"
"X9-5","埃塞俄比亚 戈里森林 南布尔沙庄园 瑰夏 日晒","premium","埃塞俄比亚","花香，甜杏桃，凤梨，莓果，风味干净，口感顺滑。","Bench Maji/South Bursha Farm","2023","108.0","98.0","False","G1","1900-2100M","898g/l","日晒处理","GEISHA"
"X9-6","埃塞俄比亚 班奇马吉 瑰夏G1 日晒（2024新产季）","premium","埃塞俄比亚","花香，柑橘，杮子，热带水果风味，蜂蜜，甜感强。","Bench Maji","2024","145.0","135.0","False","G1","1600M","855g/l","日晒处理","GEISHA"
"X10","埃塞俄比亚 班其玛吉 瑰夏 日晒","premium","埃塞俄比亚","芒果、 菠萝与柚子等丰富浓郁的水果风味，纯净的口感，花香尾韵。","Bench Maji","2023","105.0","95.0","False","G1","1600M","875g/l","日晒处理","GEISHA"
"X10-1","埃塞俄比亚 格拉纳庄园 瑰夏 日晒 G1","premium","埃塞俄比亚","草莓，苹果，柠檬等浓烈的水果香气，成熟果实的甜感，清爽复杂的口感。","Gelana","2024","125.0","115.0","False","G1","1600M","906g/l","日晒处理","GEISHA"
"X10-2","埃塞俄比亚 格拉纳庄园 瑰夏G1 厌氧日晒","premium","埃塞俄比亚","草莓，葡萄，莓果，柑橘，热带水果，甜感强，丰富复杂的口感。","Oromia/Gelana","2024","135.0","125.0","False","G1","1600M","823g/l","厌氧日晒处理","GEISHA"
"X10-2A","埃塞俄比亚 格拉纳庄园 瑰夏 G1 水洗","premium","埃塞俄比亚","花香，柑橘，佛手柑香气，高甜，绿茶尾韵。","Gelana","2025","133.0","123.0","False","G1","1600M","850g/l","水洗处理","GEISHA"
"X10-2S","埃塞俄比亚 班其玛吉 瑰夏 G1 水洗（2024TOH6同批次）","premium","埃塞俄比亚","花香,柑橘, 细腻果酸，浓郁的水果风味，口感干净平衡。","Bench Maji","2024","145.0","135.0","False","G1","1650M","842g/l","水洗处理","GEISHA"
"E-5","埃塞俄比亚 班可 果丁丁 G1 水洗（2023产季）","premium","埃塞俄比亚","花香，柠檬，柑橘，草莓，甜感好。","Banko Gotiti","2023","84.0","78.0","False","G1","2050-2280M","865g/l","水洗处理","Heirloom"
"X10-4","埃塞俄比亚 耶加雪菲 阿瑞查 水洗 G1","premium","埃塞俄比亚","花香，柑橘，水蜜桃， 荔枝，口感干净顺滑。","Idido/ Testi Adorsi Washing Station","2024","113.0","103.0","False","G1","1900-2200M","853g/l","水洗处理","KERUME"
"X10-7","埃塞俄比亚 耶加雪菲 伊迪朵 水洗 G1","premium","埃塞俄比亚","花香浓郁，明亮果酸，柑橘，蜂蜜,口感清新。","Idido/ Testi Adorsi Washing Station","2024","110.0","100.0","False","G1","1900-2200M","828g/l","水洗处理","Heirloom"
"X10-9","埃塞俄比亚 科切尔 牧羊人 水洗 G1","premium","埃塞俄比亚","花香气明显，蜂蜜香草，樱桃酸不刺激，蜂蜜、高级榛果、白柚风味、甜感细腻，余味蜂蜜甜与樱桃果酸很融合且持久。","Kochere/Gedeo","2024","120.0","110.0","False","G1","1800-2200M","882g/l","水洗处理","Heirloom"
"X11","埃塞俄比亚 耶加雪菲 科切尔 碧罗亚 水洗G1","premium","埃塞俄比亚","茉莉花，酸质明亮，茶感好，口感干净顺滑。","科切尔 / Beloya处理厂","2025","120.0","110.0","False","G1","1950M","850g/l","水洗处理","Heirloom"
"X11-1","埃塞俄比亚 耶加雪菲 库克 白兰花 水洗G1","premium","埃塞俄比亚","明亮柑橘酸质，白色花香，莱姆,黄糖,清香绿茶，非常干净。","Yirgacheffe KOKE","2025","132.0","125.0","False","G1","1973M","g/l","水洗处理","74110/74112/74165"
"X12","桃乐茜.埃塞俄比亚 安娜索拉 酵素水洗","premium","埃塞俄比亚","柠檬，蜜桃，李子，乌龙茶","Ana Dora","2025","235.0","225.0","False","G1","1900 - 2350M","886g/l","酵素水洗","Heirloom"
"X13","桂花窨.埃塞俄比亚 耶加雪菲 科切尔","premium","埃塞俄比亚","桂花，砂糖橘，蔓越莓，杏干，葡萄干，蜂蜜，普洱茶。","Kochere","2023","198.0","185.0","False","G1","1800-1930M","840g/l","水洗&桂花古法窨制","Heirloom"
"X13-1","茉莉窨.埃塞俄比亚 耶加雪菲 G1","premium","埃塞俄比亚","浓郁茉莉花香，柑橘，绿茶，茶香四溢，余韵悠长。","Kochere","2024","190.0","180.0","False","G1","1800-1930M","723g/l","水洗&茉莉花古法窨制","Heirloom"
"X14","埃塞俄比亚 西达摩 班莎 Bombe 全红果 水洗 G1","premium","埃塞俄比亚","玫瑰花，草莓，甜橙果酱，柑橘， 蓝莓 。","Bensa/Ayla处理厂Testi Ayla Washing Station","2023","98.0","88.0","False","G1","1800 - 2000m","850g/l","水洗处理","74110"
"X14-1","埃塞俄比亚 西达摩 G1 古齐 乌拉嘎 水洗","premium","埃塞俄比亚","茉莉花香，蓝莓的甜味气息里带有柠檬香，柑橘酸，柔滑绵密的口感，浓郁甜美。","Guji URAGA","2025","112.0","102.0","False","G1","1800 - 2000M","848g/l","水洗处理","Heirloom"
"X14-2","埃塞俄比亚 西达摩 圣塔维尼 全红果 水洗G1","premium","埃塞俄比亚","花香，柑橘，草莓，高甜感，荷叶茶尾韵。","Bensa/Shantawene圣塔维尼","2023","105.0","95.0","False","G1","2080 - 2160M","835g/l","水洗处理","74158"
"X15","埃塞俄比亚 罕贝拉G1 花魁 圆豆 水洗 NEW","premium","埃塞俄比亚","茉莉花，柠檬草，葡萄柚，甜橙，蜂蜜，红茶。","GUJI/ HAMBELA/Buku ABEL","2024","110.0","100.0","False","G1","2200 - 2350M","895g/l","水洗处理","Heirloom"
"I-2","印度尼西亚 苏门答腊 曼特宁G1","common","印度尼西亚","草药，香料，坚果，巧克力，焦糖，低酸值，醇厚，油脂丰富","Sumatra","2025","86.0","76.0","False","G1","1300 ‒ 1600M","860g/l","湿刨法","Mandeling"
"I-3","印度尼西亚 苏门答腊 林东 曼特宁 G1 三次手选","common","印度尼西亚","奶油，黑糖，香料，焦糖甜香明显，醇厚度高。","苏门答腊","2025","87.0","78.0","False","G1","1300 ‒ 1700M","873g/l","湿刨法","Mandeling"
"I-4","印度尼西亚 苏门答腊 GAYO 曼特宁G1 三次手选","common","印度尼西亚","花香，莓果，香料，苏格兰黄油，黑巧克力，坚果，甜度高，干净，高醇厚度","伽优山","2025","87.0","78.0","False","G1 TP/三次手选","1400 ‒ 1600M","849g/l","湿刨法","铁皮卡"
"IN-1","印度 皇家 罗布斯塔 AA 18目","common","印度","麦芽，黑巧克力，大麦茶，口感干净 ，味道饱满又扎实。","india","2023","51.0","43.0","True","AA","1200 ‒ 1350M","851g/l","水洗处理","Robusta"
"V-1","越南 罗布斯塔 18目","common","越南","香味浓，香醇，气味独特。","Dat Lat","2025","60.0","52.0","False","G1","800 ‒ 1100M","864g/l","日晒抛光","Robusta"
"U-1","乌干达 罗布斯塔 18目","common","乌干达","口感纯净，香气浓郁，拼配的最佳选择。","Uganda","2024","63.0","55.0","False","AA","800 ‒ 1100M","813g/l","日晒抛光","Robusta"
"U-1S","乌干达 罗布斯塔 15目","common","乌干达","口感纯净，香气浓郁，拼配的最佳选择。","Uganda","2024","60.0","52.0","False","AA","1500M","836g/l","日晒抛光","Robusta"
"U-2","乌干达 布基苏 AA 阿拉比卡（17/18目）","common","乌干达","坚果香，口感醇厚，干净无杂味","Bugisu","2025","81.0","74.0","False","AA","1600M","860g/l","水洗处理","阿拉比卡"
"LA-1","老挝 阿拉比卡 水洗","common","老挝","果香，蜂蜜，核果，醇厚度好，风味均衡，口感细腻浓郁。","Laos","2024","70.0","62.0","False","","900-1300M","830g/l","水洗处理","卡蒂姆"
"C-1","云南AAA 水洗（2025新产季）","common","中国","柑橘，坚果，花香，巧克力，红糖。","保山潞江坝","2024","71.0","65.0","False","AAA","1350-1600M","850g/l","水洗处理","卡蒂姆"
"P-4","巴布亚 巴布亚新几内亚 戈罗卡 AX 水洗","common","巴布亚新几内亚","柑橘，莓果，巧克力，坚果，酸度适中，枫糖。","戈罗卡高地","2024","84.0","75.0","True","AX","1500M","813g/l","水洗处理","Typica, Bournbon"
"P-5","巴布亚 巴布亚新几内亚 哈根山 AA","common","巴布亚新几内亚","柑橘，杏仁，番茄，甜度好，口感厚实丰富。","Mount Hagen","2023","85.0","76.0","False","AA","1650M","853g/l","水洗处理","Typica, Caturra"
"H-1","洪都拉斯 洪都拉斯 水洗 SHG EP（内袋）","common","洪都拉斯","烤坚果，焦糖饼干，可可，巧克力，果酸。","C O P A N","2024","85.0","76.0","True","SHG EP","1400M","805g/l","水洗处理","Parainema帕拉伊内马"
"PE-1","秘鲁 秘鲁 库斯科 水洗","common","秘鲁","坚果，酸质均衡，醇厚浓郁。","库斯科","2023","67.0","58.0","True","SHB","1450-1600M","856g/l","水洗处理","Typica"
"B-1","巴西 巴西 14-16目 NY2-3 FC 日晒","common","巴西","坚果，巧克力，麦芽，甘甜。","Santos","2024","89.0","80.0","False","NY.2/3","900M-1000M","832g/l","日晒处理","Catuai，Acaia"
"B-2","巴西 巴西 圣多斯","common","巴西","坚果、巧克力，麦芽,甘甜，入口极为顺滑。","Santos","2024","92.0","83.0","False","NY.2","900-1000M","852g/l","日晒处理","Catuai, Acaia"
"B-3","巴西 巴西 喜拉多 日晒","common","巴西","坚果，奶油，可可，巧克力，甜度高.","CERRADO","2024","94.0","86.0","False","NY.2 /FC SS","850-1300M","870g/l","日晒处理","bourbon"
"B-5","巴西 巴西 喜拉多 甜蜜日晒","common","巴西","坚果，焦糖及巧克力香气持久，高干净度，低酸度，醇厚，甜度高.","Minas cerrado","2025","93.0","88.0","False","NY.2","1100M","850g/l","日晒处理","黄卡杜艾，黄ICATU"
"CR-3","哥斯达黎加 SHB EP 水洗","common","哥斯达黎加","莓果酸，柑橘，焦糖，甜香，黑巧克力。","","2025","92.0","87.0","False","SHB","1500M","848g/l","水洗处理","Caturra,Caruai"
"G-2","危地马拉 危地马拉 SHB 欧规（内袋）","common","危地马拉","青苹果，焦糖，烤杏仁，奶油，黑巧克力，风味丰富，香醇。","HUEHUETENANGO","2023","94.0","85.0","False","SHB","1800-2000M","830g/l","水洗处理","Bourbon,Caturra,Catuai"
"G-3","危地马拉 危地马拉 SHB (无内袋)","common","危地马拉","苹果，中等酸，焦糖，烤杏仁，奶油，黑巧克力，香醇。","危地马拉小农","2023","84.0","76.0","False","SHB","1372M","818g/l","水洗处理","Bourbon,Caturra,Catuai"
"S27-2","哥伦比亚 哥伦比亚 娜玲珑 17/18目","common","哥伦比亚","莓果，柑橘，香气十足，甜度高，与明亮的果酸呼应,巧克力余韵。","Narino","2024","92.0","83.0","False","Supremo","1800 - 2150M","845g/l","水洗处理","Caturra"
"CB-1","哥伦比亚 哥伦比亚 慧兰 苏帕摩","common","哥伦比亚","坚果类、巧克力和焦糖的湿香，风味十足，口味香醇。","HUILA","2024","93.0","84.0","False","Supremo","1300-1800M","881g/l","水洗处理","Caturra"
"CB-2","哥伦比亚 哥伦比亚 麦德林 苏帕摩","common","哥伦比亚","甜橙，坚果、巧克力，酸甜平衡感好，香气足。","Medellin","2024","93.0","84.0","False","Supremo","1500M","877g/l","水洗处理","Caturra"
"CB-3","哥伦比亚 哥伦比亚 EP10","common","哥伦比亚","甜橙，葡萄柚，坚果，巧克力，酸甜平衡感好，香气足。","慧兰","2024","89.0","81.0","False","Excelo","1300-1600M","833g/l","水洗处理","Caturra"
"T-1","坦桑尼亚 坦桑尼亚 乞力马扎罗 AA","common","坦桑尼亚","坚果，巧克力，香味浓，口感干净，丰富，醇厚。","Kilimanjaro","2024","81.0","72.0","False","AA","1500M-1900M","830g/l","水洗处理","Bourbon，Catura"
"T-2","坦桑尼亚 坦桑尼亚 乞力马扎罗 圆豆PB","common","坦桑尼亚","柑橘，莓果，坚果，巧克力，香味浓，口感干净，醇厚。","Kilimanjaro","2024","89.0","79.0","False","PB","1500M-1900M","825g/l","水洗处理","Bourbon，Catura"
"K-1","肯尼亚 肯尼亚 涅里 AA 2024新产季","common","肯尼亚","葡萄，乌梅，莓果，黑加仑，橘子，黄糖。","Nyeri / MATHARI","2024","92.0","84.0","False","AA","1800-2100M","g/l","K72小时处理法","SL28，SL34"
"K-2","肯尼亚 肯尼亚 麒麟雅加 AB 2024新产季","common","肯尼亚","柠檬，莓果，小番茄，甜感好，奶油。","Kirinyaga","2024","87.0","81.0","False","AB TOP 精品","1500M","875g/l","水洗处理","SL28、 SL34"
"S62","云南 保山潞江坝 日晒（芒丈）","premium","中国","浆果，红酒，樱桃，巧克力，香气十足。","保山潞江坝","2025","83.0","75.0","False","AA","1400M","835g/l","日晒","卡蒂姆Catimor"
"S62-2","云南孟连 红酒日晒","premium","中国","花香，浆果，红酒，樱桃，巧克力，风味干净。","普洱孟连","2025","83.0","75.0","False","AA","1400-1500M","832g/l","红酒日晒","卡蒂姆Catimor"
"S62-3","云南普洱 红酒日晒 帕亮","premium","中国","果酒，热带水果，黑巧克力，坚果。","普洱孟连","2025","83.0","75.0","False","AA","1300-1400M","830g/l","红酒日晒","卡蒂姆Catimor"
"S63-1S","云南普洱 双重厌氧发酵日晒（次米竹庄园）","premium","中国","圣女果，草莓，热带水果，花香，橙子。","云南西盟 次米竹","2023","83.0","75.0","False","AA","1600M","871g/l","双重厌氧发酵日晒22天（16目以上）","卡蒂姆Catimor"
"S63-3","云南普洱 红酒日晒（天皓） 蓝姜花","premium","中国","葡萄酒，黑加仑，杏仁，甜橄榄，莓果。","普洱澜沧天皓","2025","91.0","85.0","False","AA","1400-1600M","832g/l","红酒日晒","卡蒂姆Catimor"
"S65","云南 西双版纳 紫叶卡杜拉 水洗","premium","中国","白色花香，砂糖橘，橙子，苹果，奶油，车厘子，绿茶，口感很干净，顺滑。","西双版纳 勐海 西定","2024","89.0","79.0","False","AA","1800M","860g/l","K72水洗","紫叶卡杜拉（ 德热296）"
"S66","云南 雪莉","premium","中国","香草，橡木，威士忌，奶油。","云南","2025","135.0","125.0","False","AA","1400M","853g/l","酵母浸渍处理法","卡蒂姆"
"S66-1","云南 茉莉","premium","中国","茉莉，白色花朵，柑橘甜，焦糖。","云南","2024","120.0","110.0","False","AA","1400M","847g/l","酵母浸渍处理法","卡蒂姆"
"S66-2","云南 奶油草莓","premium","中国","奶油，草莓，莓果，香气浓郁。","云南","2025","140.0","130.0","False","AA","1400M+","828g/l","酵母浸渍处理法","卡蒂姆"
"S1-1","印度尼西亚 苏门答腊 多巴湖 黄金曼特宁19目","premium","印度尼西亚","平衡，醇厚度高，果酸明亮，坚果，甜巧克力，焦糖，余韵悠长。","苏门答腊/多巴湖","2025","111.0","103.0","False","G1","1100-1500 m","837g/l","湿刨法","Mandeling"
"S1-2","印度尼西亚 苏门答腊 黄金曼特宁20目(颗粒饱满）","premium","印度尼西亚","干净，醇厚度高，焦糖甜香明显，果酸明亮。","苏门答腊","2025","123.0","113.0","False","G1","1000-1700M","830g/l","湿刨法","Mandeling"
"S1-2S","印度尼西亚 苏门答腊 黄金曼特宁21目","premium","印度尼西亚","干净，醇厚度高，莓果，花香，香料，黑巧克力，高甜。","苏门答腊","2025","126.0","113.0","True","G1","1600-1800M","853g/l","湿刨法","Mandeling"
"S1-3","印度尼西亚 苏门答腊 黄金曼特宁 PWN","premium","印度尼西亚","口感醇厚，巧克力，焦糖甜香明显，带有薄荷和果酸风味。","苏门答腊 生产者 ： PWN","2025","152.0","142.0","False","G1","1350-1500M","858g/l","湿刨法","铁皮卡"
"S1-4","印度尼西亚 苏门答腊岛 亚齐 日晒曼特宁","premium","印度尼西亚","哈密瓜，凤梨，莓果，花香，香料，可可脂。","苏门答腊岛.亚齐省","2024","135.0","125.0","False","G1","1300-1400M","887g/l","日晒处理","Catimor"
"S2","印度尼西亚 中爪哇 日晒 黄钻","premium","印度尼西亚","凤梨，糖浆，花香，莓果，高甜感。","中爪哇孙多罗火山区","2024","120.0","105.0","False","G1","1600-1800M","820g/l","日晒处理","Catura,Catimor"
"S2-4","印度尼西亚 亚齐 塔瓦湖 厌氧日晒","premium","印度尼西亚","柑橘，香橙，香料，枫糖。","亚齐省/塔瓦湖","2024","105.0","95.0","True","G1","1400M","852g/l","厌氧日晒","Catimor"
"S2-5","印度尼西亚 瓦哈那庄园 曼特宁龙果 日晒（长豆）","premium","印度尼西亚","哈蜜瓜，香瓜，奶油香气，低酸 ，温和及清爽的口感。","北苏门答腊多巴湖 / 瓦哈那庄园","2024","168.0","158.0","True","G1三次手选","1500-1600M","866g/l","日晒处理","Long berry"
"S3","印度尼西亚 亚齐 曼特宁龙果长豆 半水洗","premium","印度尼西亚","花香，奶油，橙子，蔗糖，巧克力，坚果，柔顺。","亚齐 塔瓦湖","2025","135.0","120.0","False","GR1 TP/三次手选","1600M","877g/l","半水洗","Abbysinia"
"S4","巴布亚新几内亚 科尔布兰庄园 瑰夏 水洗","premium","巴布亚新几内亚","百香果，桃子，红苹果，红茶，黑巧克力，干枣，甜感很好，口感厚实丰富。","东高地/科尔布兰庄园","2024","285.0","275.0","False","AA","1829M","832g/l","水洗处理","GEISHA"
"S4-2","巴布亚新几内亚 西格里庄园 天堂鸟 AA","premium","巴布亚新几内亚","焦糖甜明显，水果软糖带着蜂蜜香气，黑巧克力，奶油，松木，香料。","西格里庄园/ Wahgi山谷","2024","91.0","81.0","True","AA","1500-1800M","845g/l","水洗处理","Typica"
"S5","巴西 圣路易斯 卡杜艾 厌氧日晒","premium","巴西","柠檬、李子、布林、红糖、杏仁、口感顺滑。","Cerrado","2024","95.0","85.0","False","NY.2","1000-1200M","820g/l","厌氧日晒处理","Yellow Catuai"
"S5-2","巴西 摩吉安娜 翠鸟","premium","巴西","坚果，巧克力，甘蔗，口感柔滑细腻，尾韵持久。","South Minas","2024","","","True","NY.2","1000-1200M","847g/l","日晒处理","Yellow bourbon"
"S6-1","哥斯达黎加 小蜜蜂 日晒","premium","哥斯达黎加","葡萄干，养乐多，苹果，康普茶。","SAN VITO / LA ABEJILLA FARM","2023","145.0","135.0","False","SHB","1600M","903g/l","日晒处理","Venecia"
"S8","哥斯达黎加 托布希庄园 Villasarchi 日晒","premium","哥斯达黎加","酒香，芒果干，深黑巧克力，黑醋栗，枫糖。","TOBOSI 庄园","2023","145.0","135.0","False","SHB","2000M","875g/l","日晒处理","Villasarchi"
"S8-1","哥斯达黎加 马丁帕迪拉处理厂 厌氧日晒","premium","哥斯达黎加","葡萄酒，蓝莓，芒果，桃子酸奶，杏桃，果汁与复杂的酒感。","塔拉珠","2023","143.0","130.0","False","SHB","1800M","896g/l","厌氧日晒处理","Villa Lobos薇拉罗伯斯"
"S8-2","哥斯达黎加 女神庄园 瑰夏 厌氧日晒","premium","哥斯达黎加","蓝莓，水蜜桃，甜瓜，热带水果，蜂蜜，奶油，甜度高，Body质感佳，层次分明。","Dota/女神庄园","2023","530.0","","False","SHB","1800M","852g/l","厌氧日晒","Geisha"
"S8-3","哥斯达黎加 巨石庄园 瑰夏 日晒","premium","哥斯达黎加","花香，甜橙， 菠萝， 葡萄，高甜度，风味丰富多变。","Finca Casa de Piedra","2023","320.0","","False","SHB","1500-1700M","877g/l","日晒处理","Geisha"
"S9-1","哥斯达黎加 中央山谷 火凤凰庄园 日晒 瑰夏","premium","哥斯达黎加","茉莉花，小红莓，蔓越莓，柚子，蜂蜜。","火凤凰庄园/中央山谷","2024","280.0","","False","SHB","1600M","887g/l","日晒处理","Geisha"
"S10","哥斯达黎加 火凤凰庄园 蓝宝石 慢速日晒","premium","哥斯达黎加","无花果酱，橘子，黑糖，乌龙茶。","火凤凰庄园/中央山谷","2023","130.0","120.0","False","SHB","1600M","912g/l","慢速日晒","Caturra, Catuai"
